video_id,original,cleaned,sentiment,entities
dxqKZaQ4WI0,TVK 128,tvk 128,Neutral,TVK
dxqKZaQ4WI0,BJP 56   26 seeds MLA tickets,bjp 56   26 seeds mla tickets,Neutral,BJP
dxqKZaQ4WI0,Tvk wash out 😅😅😅,tvk wash out,Negative,TVK
dxqKZaQ4WI0,BJP contest only 27 seats 😂😂😂,bjp contest only 27 seats,Neutral,BJP
dxqKZaQ4WI0,What's bro it's very worng bro,whats bro its very worng bro,Negative,
dxqKZaQ4WI0,தமிழ்நாட்டுல. நானூறு  சீட்   இருக்கா,தமிழ்நாட்டுல நானூறு  சீட்   இருக்கா,Neutral,
dxqKZaQ4WI0,DMK Massive victory,dmk massive victory,Positive,DMK
dxqKZaQ4WI0,Tvk ki 80 kadu 8 vastye 18 vastye.,tvk ki 80 kadu 8 vastye 18 vastye,Neutral,TVK
dxqKZaQ4WI0,BJP 0,bjp 0,Neutral,BJP
dxqKZaQ4WI0,Joker vijay😂 from thalaiva❤,joker vijay from thalaiva,Positive,TVK
dxqKZaQ4WI0,337 తమిళనాడులో ఎన్ని స్థానాలు ఎక్కడికి మరి మీలాంటి వీడియో పెట్టడానికైనా సిగ్గు ఉండాలి కనీసం బుద్ధిలేని వీడియో ఒకటి పెడితే క్లారిటీగా ఎన్ని స్థానాలు ఉన్నాయి ఆవిడకి మాత్రమే చూపించాలి,337 తమళనడల ఎనన సథనల ఎకకడక మర మలట వడయ పటటడనకన సగగ ఉడల కనస బదధలన వడయ ఒకట పడత కలరటగ ఎనన సథనల ఉననయ ఆవడక మతరమ చపచల,Neutral,
dxqKZaQ4WI0,What is the name of this comedy channel 😂😂😂,what is the name of this comedy channel,Neutral,
dxqKZaQ4WI0,Iam vote for dmk  jaikanum,iam vote for dmk  jaikanum,Neutral,DMK
dxqKZaQ4WI0,Thalapathy PM of uganda,thalapathy pm of uganda,Positive,TVK
dxqKZaQ4WI0,TVK for TN🎉,tvk for tn,Neutral,TVK
dxqKZaQ4WI0,Jay ho congress ki,jay ho congress ki,Negative,
dxqKZaQ4WI0,80 two100 tvk. DMK 50 two 60.. Anna DMK45two50,80 two100 tvk dmk 50 two 60 anna dmk45two50,Neutral,"DMK,TVK"
dxqKZaQ4WI0,Bjp 50+!!! What a joke! 😂,bjp 50 what a joke,Negative,BJP
dxqKZaQ4WI0,பிஜேபி பி எம் கே எம் கே எங்க கட்சி தான் கொஞ்சம் பாத்து போயிரு,பிஜேபி பி எம் கே எம் கே எங்க கட்சி தான் கொஞ்சம் பாத்து போயிரு,Neutral,
dxqKZaQ4WI0,சும்மா சொல்றீங்களா எப்படி டிவிக்கு எல்லாம் கேக்கல ஏடிஎம்கே தான் எப்பவுமே இருக்கும் இன்னொரு டோட்டல் போட்டு பாரு,சும்மா சொல்றீங்களா எப்படி டிவிக்கு எல்லாம் கேக்கல ஏடிஎம்கே தான் எப்பவுமே இருக்கும் இன்னொரு டோட்டல் போட்டு பாரு,Neutral,
dxqKZaQ4WI0,Tamilnadu a lovely state. We understand BJP the right party for TN.,tamilnadu a lovely state we understand bjp the right party for tn,Positive,BJP
dxqKZaQ4WI0,Total seats tamilnadu -234...but ur count total all partiys 337....it's fake,total seats tamilnadu 234but ur count total all partiys 337its fake,Negative,
dxqKZaQ4WI0,Aalready Dmk vin in Thamil nadu,aalready dmk vin in thamil nadu,Neutral,DMK
dxqKZaQ4WI0,Tvk tha da punda,tvk tha da punda,Negative,TVK
dxqKZaQ4WI0,Kick bjp ass....filthy bastards of the country..we Tamils don't accept these hindi bastards,kick bjp assfilthy bastards of the countrywe tamils dont accept these hindi bastards,Negative,BJP
dxqKZaQ4WI0,Pagal kanavaa😂😂😂😂😂😂😂😂,pagal kanavaa,Negative,
dxqKZaQ4WI0,234 seats but 330+ won 😂😂😂,234 seats but 330 won,Neutral,
dxqKZaQ4WI0,Dmk dmk dmk ❤❤❤❤❤❤❤🎉🎉🎉🎉🎉🎉🎉🎉🎉🎉 coming cm,dmk dmk dmk  coming cm,Neutral,DMK
dxqKZaQ4WI0,Tvk jayikkum....bakki Yellemm 😂😂😂😂😂😂😂😂😂😂😂😂😂,tvk jayikkumbakki yellemm,Neutral,TVK
dxqKZaQ4WI0,This result prepared by TVK,this result prepared by tvk,Neutral,TVK
dxqKZaQ4WI0,T V K,t v k,Neutral,
dxqKZaQ4WI0,யாருமே கவலைப்படாதீங்க டி வி கே தான் வந்து ஜெயிக்கும் சரியா பாய் பாய்,யாருமே கவலைப்படாதீங்க டி வி கே தான் வந்து ஜெயிக்கும் சரியா பாய் பாய்,Neutral,
dxqKZaQ4WI0,Total paru da paithyam,total paru da paithyam,Negative,
dxqKZaQ4WI0,Tvk great 🎉❤,tvk great,Positive,TVK
dxqKZaQ4WI0,Dmk destroy 😊,dmk destroy,Negative,DMK
dxqKZaQ4WI0,Wrong data TVK should take 80%,wrong data tvk should take 80,Negative,TVK
dxqKZaQ4WI0,Aidmk 127,aidmk 127,Neutral,DMK
dxqKZaQ4WI0,Tn was 234 count,tn was 234 count,Neutral,
dxqKZaQ4WI0,Dmk🤮🤮🤮🤮🤮🤮🤮🤮🤮🤮🤮🤮🤮🤮🤮🤮🤮🤮🤮🤮🤮🤮🤮🤮🤮🤮           tvk da🥰🥰🥰🥰🥰🥰🥰🥰🥰🥰🥰🥰🥰🥰🥰🥰🥰🥰🥰🥰🥰🥰🥰🥰,dmk           tvk da,Neutral,"DMK,TVK"
dxqKZaQ4WI0,Hey actually they put hand symbol for DMK no sense,hey actually they put hand symbol for dmk no sense,Negative,DMK
dxqKZaQ4WI0,DMK DMK DMK DMK DMK DMK DMK DMK DMK DMK DMK DMK DMK DMK DMK DMK DMK DMK DMK DMK DMK DMK DMK DMK DMK DMK DMK DMK DMK DMK DMK DMK DMK DMK DMK DMK ❤❤❤,dmk dmk dmk dmk dmk dmk dmk dmk dmk dmk dmk dmk dmk dmk dmk dmk dmk dmk dmk dmk dmk dmk dmk dmk dmk dmk dmk dmk dmk dmk dmk dmk dmk dmk dmk dmk,Neutral,DMK
dxqKZaQ4WI0,Bjp 0 😂😂,bjp 0,Neutral,BJP
dxqKZaQ4WI0,BJP big zero okay sanghi News 😂😂😂TN no chance in sanghi 😂😂😂,bjp big zero okay sanghi news tn no chance in sanghi,Negative,BJP
dxqKZaQ4WI0,T.V.K DAA,tvk daa,Neutral,TVK
dxqKZaQ4WI0,TVK Thalapathy vijay CM,tvk thalapathy vijay cm,Neutral,TVK
dxqKZaQ4WI0,Are you a loser or mental vijayavandi always winner what is this Vijay is always dinner,are you a loser or mental vijayavandi always winner what is this vijay is always dinner,Negative,TVK
dxqKZaQ4WI0,Mendal pundaingala.. 234 thanda eruku,mendal pundaingala 234 thanda eruku,Negative,
dxqKZaQ4WI0,Tvk ❤️‍🔥❤️‍🔥❤️‍🔥❤️‍🔥❤️‍🔥❤️‍🔥da❤️‍🔥❤️‍🔥❤️‍🔥❤️‍🔥❤️‍🔥❤️‍🔥❤️‍🔥❤️‍🔥❤️‍🔥❤️‍🔥❤️‍🔥❤️‍🔥❤️‍🔥❤️‍🔥❤️‍🔥❤️‍🔥❤️‍🔥❤️‍🔥❤️‍🔥❤️‍🔥❤️‍🔥❤️‍🔥❤️‍🔥❤️‍🔥💥♥️♥️♥️♥️❤️‍🔥❤️‍🔥❤️‍🔥❤️‍🔥❤️‍🔥❤️‍🔥❤️‍🔥❤️‍🔥❤️‍🔥❤️‍🔥❤️‍🔥❤️‍🔥❤️‍🔥❤️‍🔥❤️‍🔥❤️‍🔥❤️‍🔥❤️‍🔥❤️‍🔥❤️‍🔥❤️‍🔥❤️‍🔥❤️‍🔥❤️‍🔥❤️‍🔥❤️‍🔥❤️‍🔥❤️‍🔥❤️‍🔥❤️‍🔥❤️‍🔥❤️‍🔥❤️‍🔥❤️‍🔥❤️‍🔥❤️‍🔥❤️‍🔥❤️‍🔥❤️‍🔥❤️‍🔥❤️‍🔥❤️‍🔥❤️‍🔥tvk tvk tvk❤️‍🔥❤️‍🔥❤️‍🔥❤️‍🔥❤️‍🔥❤️‍🔥❤️‍🔥❤️‍🔥❤️‍🔥❤️‍🔥❤️‍🔥❤️‍🔥❤️‍🔥❤️‍🔥❤️‍🔥❤️‍🔥❤️‍🔥tvk❤️‍🔥❤️‍🔥❤️‍🔥❤️‍🔥❤️‍🔥tvkp❤️‍🔥❤️‍🔥❤️‍🔥❤️‍🔥❤️‍🔥,tvk datvk tvk tvktvktvkp,Neutral,TVK
dxqKZaQ4WI0,Tvk Win❤,tvk win,Neutral,TVK
dxqKZaQ4WI0,Patiya Patiya kathora Patiya,patiya patiya kathora patiya,Negative,
dxqKZaQ4WI0,தமிழ்நாடு காரி துப்புது திமுகவை இந்த காணொளியை போட்ட தேவிடியா பையன் எவன்டா சிரிப்பு வருது போடேன்,தமிழ்நாடு காரி துப்புது திமுகவை இந்த காணொளியை போட்ட தேவிடியா பையன் எவன்டா சிரிப்பு வருது போடேன்,Negative,
dxqKZaQ4WI0,What bro,what bro,Neutral,
dxqKZaQ4WI0,Bjp and admk add,bjp and admk add,Neutral,"DMK,BJP"
dxqKZaQ4WI0,Dmk  vote poduravan muttal,dmk  vote poduravan muttal,Negative,DMK
dxqKZaQ4WI0,🥭 yellam yenda list la vaikurega,yellam yenda list la vaikurega,Neutral,
dxqKZaQ4WI0,ஒம் சக்தி  TVK ஒரு தீய சக்தி,ஒம் சக்தி  tvk ஒரு தீய சக்தி,Negative,TVK
dxqKZaQ4WI0,டுபாக்கூர் கருத்து கணிப்பு.,டுபாக்கூர் கருத்து கணிப்பு,Neutral,
dxqKZaQ4WI0,Tvk😊😊 da❤❤❤,tvk da,Neutral,TVK
dxqKZaQ4WI0,Dmk  20 admk 40..amen dmk padutholvi  amen,dmk  20 admk 40amen dmk padutholvi  amen,Positive,DMK
dxqKZaQ4WI0,Tvk135. Apara vetri  yessappa vijayai jaika vachathuku  nantrippa. Amen amen amen,tvk135 apara vetri  yessappa vijayai jaika vachathuku  nantrippa amen amen amen,Negative,TVK
dxqKZaQ4WI0,Vijay will be a FLOP politician.,vijay will be a flop politician,Negative,TVK
dxqKZaQ4WI0,Bjp 40+😂 🤣🤣 they can't even in 1 in tn mark my words,bjp 40  they cant even in 1 in tn mark my words,Negative,BJP
dxqKZaQ4WI0,"தற் குறிகள் தலைவன் சனிக்கிழமை சனியன் பிண நாயகன் மூதேவி எல்லாம் worth இல்லை,",தற் குறிகள் தலைவன் சனிக்கிழமை சனியன் பிண நாயகன் மூதேவி எல்லாம் worth இல்லை,Neutral,
dxqKZaQ4WI0,Only dmk,only dmk,Neutral,DMK
dxqKZaQ4WI0,DMK BETTER CHOOSE WISELY,dmk better choose wisely,Neutral,DMK
dxqKZaQ4WI0,Romba சிறப்பு. வெரிகுட் காமெடி,romba சிறப்பு வெரிகுட் காமெடி,Neutral,
dxqKZaQ4WI0,𝘛𝘷𝘬 vijay🇪🇦🇪🇦🇪🇦🇪🇦❤,𝘛𝘷𝘬 vijay,Neutral,TVK
dxqKZaQ4WI0,fake  DMK😂😂😂😂😂😂😂😂😂😂😂REAL T V K Vijay  fan,fake  dmkreal t v k vijay  fan,Negative,"DMK,TVK"
dxqKZaQ4WI0,பொட்டைகள் சீமான் அண்ணாவை பார்த்து பயந்துவிட்டனர்😂😂😂,பொட்டைகள் சீமான் அண்ணாவை பார்த்து பயந்துவிட்டனர்,Negative,
dxqKZaQ4WI0,Loosu punada.. Total 234 Thanda,loosu punada total 234 thanda,Neutral,
dxqKZaQ4WI0,Vote for tvk ❤❤❤❤,vote for tvk,Neutral,TVK
dxqKZaQ4WI0,"69 Dmk
Tvk 9","69 dmk
tvk 9",Neutral,"DMK,TVK"
dxqKZaQ4WI0,DMK best,dmk best,Positive,DMK
dxqKZaQ4WI0,T kk❤❤❤,t kk,Neutral,
dxqKZaQ4WI0,6% tvk,6 tvk,Neutral,TVK
dxqKZaQ4WI0,தி. மு. க D.M.K,தி மு க dmk,Neutral,DMK
dxqKZaQ4WI0,Tvk payaluga koddurama,tvk payaluga koddurama,Negative,TVK
dxqKZaQ4WI0,"NTK ❤

Seeman Annan Valga 💪✅️","ntk 

seeman annan valga",Negative,
dxqKZaQ4WI0,OMG-Total Count is 337😂😂😂😂😂😂😂😂😂😂.,omgtotal count is 337,Neutral,
dxqKZaQ4WI0,TVK Vijay ❤❤❤❤❤❤,tvk vijay,Neutral,TVK
A0dYR_yCPmU,Tvk thalapathi vijay CM 🇪🇸🇪🇸🇪🇸🇪🇸🇪🇸🇪🇸🇪🇸🇪🇸🇪🇸🇪🇸🇪🇸🇪🇸🇪🇸🇪🇸🇪🇸🇪🇸🇪🇸🇪🇸🇪🇸🇪🇸🇪🇸🇪🇸🇪🇸🇪🇸🇪🇸🇪🇸🇪🇸🇪🇸,tvk thalapathi vijay cm,Neutral,TVK
A0dYR_yCPmU,Ntk 1kuda varadhu idhu yenna da kanakku,ntk 1kuda varadhu idhu yenna da kanakku,Negative,
A0dYR_yCPmU,विजय थालापती जी जिंदाबाद मुख्यमंत्री2026,वजय थलपत ज जदबद मखयमतर2026,Neutral,
A0dYR_yCPmU,சீமான் 19 இல்லை 0,சீமான் 19 இல்லை 0,Neutral,
A0dYR_yCPmU,Erong one,erong one,Neutral,
A0dYR_yCPmU,ஹாட் பிளஸ் யூ ஓம் நமச்சிவாய போற்றி ஓம் முருகா போற்றி Tvk 🌹🔥👌🦚🔱🌹🦚,ஹாட் பிளஸ் யூ ஓம் நமச்சிவாய போற்றி ஓம் முருகா போற்றி tvk,Positive,TVK
A0dYR_yCPmU,Vijay Thalapathi,vijay thalapathi,Neutral,TVK
A0dYR_yCPmU,Vijay Thalapathi,vijay thalapathi,Neutral,TVK
A0dYR_yCPmU,Thalapathy CM 🇪🇸🔥🇪🇸,thalapathy cm,Neutral,TVK
A0dYR_yCPmU,எல்லாம் சரி  ! என்.டி.கே. .....பத்தொன்பது இடம்?..,எல்லாம் சரி   என்டிகே பத்தொன்பது இடம்,Neutral,
A0dYR_yCPmU,நா எல்லாருக்கும் லட்டு வாங்கி குடுத்து கொண்டாடுவேன்.... 🔥🔥🔥🔥,நா எல்லாருக்கும் லட்டு வாங்கி குடுத்து கொண்டாடுவேன்,Neutral,
A0dYR_yCPmU,சீமான் 00000,சீமான் 00000,Neutral,
A0dYR_yCPmU,Next time vijay only confrom CM TN vijayonly next cm,next time vijay only confrom cm tn vijayonly next cm,Neutral,TVK
A0dYR_yCPmU,இது மட்டும் உண்மையா நடந்தா எங்க ஊருல அன்னைக்கு தீபாவளி தான்,இது மட்டும் உண்மையா நடந்தா எங்க ஊருல அன்னைக்கு தீபாவளி தான்,Neutral,
A0dYR_yCPmU,ஆசை வரலாம் பேராசை கூடாது,ஆசை வரலாம் பேராசை கூடாது,Neutral,
A0dYR_yCPmU,That is vijay Thalapathy,that is vijay thalapathy,Positive,TVK
A0dYR_yCPmU,இப்படியே கற்பனையில் இருங்கடா,இப்படியே கற்பனையில் இருங்கடா,Negative,
A0dYR_yCPmU,Ohohoh TVK ❤❤❤❤🎉🎉🎉🎉😊😊,ohohoh tvk,Neutral,TVK
A0dYR_yCPmU,Vijay ki anguthi,vijay ki anguthi,Negative,TVK
A0dYR_yCPmU,Love u thalabathy ❤❤❤❤❤,love u thalabathy,Positive,
A0dYR_yCPmU,Tvk is a great ful❤❤❤❤❤❤❤❤❤🎉🎉🎉🎉🎉🎉🎉🎉🎉🎉🎉🎉,tvk is a great ful,Positive,TVK
A0dYR_yCPmU,IT S RONG,it s rong,Negative,
A0dYR_yCPmU,இப்படியே கற்பனை உலகத்தில் இருங்கடா,இப்படியே கற்பனை உலகத்தில் இருங்கடா,Negative,
A0dYR_yCPmU,TVK Thalapathy Vijay ❤️😘❤️😘❤️❤️,tvk thalapathy vijay,Positive,TVK
A0dYR_yCPmU,DMK தான் அரசியல் தொடரும்,dmk தான் அரசியல் தொடரும்,Neutral,DMK
A0dYR_yCPmU,NTK 18 ah? Seat ah? Ithulaye fake nu theriyuthu,ntk 18 ah seat ah ithulaye fake nu theriyuthu,Negative,
A0dYR_yCPmU,Tvk super ❤️❤️❤️,tvk super,Positive,TVK
A0dYR_yCPmU,😅😅😅😅 DMK daa 😡😡😡,dmk daa,Neutral,DMK
A0dYR_yCPmU,Tv k❤❤❤❤❤❤,tv k,Neutral,
A0dYR_yCPmU,విన్నర్ టీవీకి పార్టీ,వననర టవక పరట,Negative,
A0dYR_yCPmU,அண்ணா சேவிக்கணும்,அண்ணா சேவிக்கணும்,Neutral,
A0dYR_yCPmU,தீம்கா கம்மியா வாங்க்துனா கூட நம்பலாம் ஆனா டம்ளர் தான் 19 வாங்குதுனா நம்ப முடியல,தீம்கா கம்மியா வாங்க்துனா கூட நம்பலாம் ஆனா டம்ளர் தான் 19 வாங்குதுனா நம்ப முடியல,Negative,
A0dYR_yCPmU,"Bro what's wrong with you 
It's not tvk flag this is soo wrong bro 😮😮","bro whats wrong with you 
its not tvk flag this is soo wrong bro",Negative,TVK
A0dYR_yCPmU,Dri inuma adangala kanavula eh vazhringa da,dri inuma adangala kanavula eh vazhringa da,Negative,
A0dYR_yCPmU,Onnum nadakkathu DMK 135.ADMK.56.CONG.17.TVK.4.CPM.3 .EZHUPARI 25,onnum nadakkathu dmk 135admk56cong17tvk4cpm3 ezhupari 25,Neutral,"DMK,TVK"
A0dYR_yCPmU,"Tvk vija and sivanya Durga Kavya,🌹🌹🌹🌹🌹🌹🌹💐👩‍❤️‍💋‍👨👩‍❤️‍💋‍👨👩‍❤️‍💋‍👨👩‍❤️‍💋‍👨👩‍❤️‍💋‍👨😇💕😇😇😇🥳😭🤣😂😁",tvk vija and sivanya durga kavya,Neutral,TVK
A0dYR_yCPmU,Waiting to see this❤❤❤❤❤,waiting to see this,Positive,
A0dYR_yCPmU,இன்னும் கொட்டம் அடங்கவில்லை 10 தொகுதி கூட தீய சக்தி வர முடியாது,இன்னும் கொட்டம் அடங்கவில்லை 10 தொகுதி கூட தீய சக்தி வர முடியாது,Negative,
A0dYR_yCPmU,Vijay mama jaichidanum my  ❤❤ ambition❤,vijay mama jaichidanum my   ambition,Neutral,TVK
A0dYR_yCPmU,Vijay Anna super voice ❤❤❤❤❤❤❤❤❤❤❤❤❤❤❤,vijay anna super voice,Positive,TVK
A0dYR_yCPmU,"Wait for

Results 

This add is 😂😂😂😂😂😂😂🎉🎉🎉🎉🎉","wait for

results 

this add is",Neutral,
A0dYR_yCPmU,TVK Thalapathy Thalapathy TVK Thalapathy Thalapathy Vijay Anna ❤❤❤,tvk thalapathy thalapathy tvk thalapathy thalapathy vijay anna,Positive,TVK
A0dYR_yCPmU,110 TVK 😢😢😢😢 $ 2500,110 tvk   2500,Neutral,TVK
A0dYR_yCPmU,"DMK 70
TVK 110
AlADMK 42
NTK19😊😊","dmk 70
tvk 110
aladmk 42
ntk19",Neutral,"DMK,TVK"
A0dYR_yCPmU,விஜய் நீதான் வின்,விஜய் நீதான் வின்,Neutral,TVK
A0dYR_yCPmU,Nanum ippadithan ethirpathen,nanum ippadithan ethirpathen,Negative,
A0dYR_yCPmU,இது உண்மை ஆக வேண்டும்,இது உண்மை ஆக வேண்டும்,Neutral,
A0dYR_yCPmU,Funniest part is the result shown for Simon..😂😂,funniest part is the result shown for simon,Positive,
A0dYR_yCPmU,"Nadakkanum  
Thalapathi  Varanum","nadakkanum  
thalapathi  varanum",Negative,
A0dYR_yCPmU,Vijay Anna ❤❤❤❤🎉🎉🎉🎉🎉🎉🎉🎉🎉,vijay anna,Positive,TVK
A0dYR_yCPmU,Tvk haveto  win🎉🎉🎉🎉🎉❤❤❤❤,tvk haveto  win,Neutral,TVK
A0dYR_yCPmU,விஜய் சார் ஜெயிச்சிட்டா தமிழ் நாட்டுக்கே தீபாவளி தான் இது நடக்கனும் இறைவா கருணை புரி ❤,விஜய் சார் ஜெயிச்சிட்டா தமிழ் நாட்டுக்கே தீபாவளி தான் இது நடக்கனும் இறைவா கருணை புரி,Neutral,TVK
A0dYR_yCPmU,అవునా తొందరపడకు నాలుగో తేదీ దగ్గరలోనే ఉందిగా,అవన తదరపడక నలగ తద దగగరలన ఉదగ,Negative,
A0dYR_yCPmU,மே 4 தெரியும்,மே 4 தெரியும்,Neutral,
A0dYR_yCPmU,Tvk Tvk 💯💯💯💯💯,tvk tvk,Neutral,TVK
A0dYR_yCPmU,"Entha thamil nadtu makala nambi yathaum nambikaiya sola mudila ,enum yevallo kesta patalum theruntha matanga .resalt yanavarum nu bayama iruku.kandipa vijay anna jaikanum",entha thamil nadtu makala nambi yathaum nambikaiya sola mudila enum yevallo kesta patalum theruntha matanga resalt yanavarum nu bayama irukukandipa vijay anna jaikanum,Negative,TVK
A0dYR_yCPmU,மூக்கு பொடப்பா இருந்தாதான் இப்படி யோசிக்க தோணும்,மூக்கு பொடப்பா இருந்தாதான் இப்படி யோசிக்க தோணும்,Negative,
A0dYR_yCPmU,Seeman 20😂,seeman 20,Neutral,
A0dYR_yCPmU,Iam. DMK Bro❤❤❤❤❤❤😂,iam dmk bro,Neutral,DMK
A0dYR_yCPmU,4 ந்தேதி பார்க்கலாம் 😂😂,4 ந்தேதி பார்க்கலாம்,Neutral,
A0dYR_yCPmU,நடக்கிறது நடக்கட்டும் அது நல்லதாகவும் நடக்கட்டும்,நடக்கிறது நடக்கட்டும் அது நல்லதாகவும் நடக்கட்டும்,Positive,
A0dYR_yCPmU,CM sir thalapthy Vijay your love from lnadln oil thalapthy Vijay like and your winner 😮😮😮😅😅😅 Vijay 😅😅,cm sir thalapthy vijay your love from lnadln oil thalapthy vijay like and your winner  vijay,Positive,TVK
A0dYR_yCPmU,அண்ணா Tvk ❤❤❤வாழ்த்துக்கள்,அண்ணா tvk வாழ்த்துக்கள்,Positive,TVK
A0dYR_yCPmU,Vijay ❤❤❤C M,vijay c m,Neutral,TVK
A0dYR_yCPmU,Vijay dalapati C.M❤❤❤❤,vijay dalapati cm,Neutral,TVK
A0dYR_yCPmU,Tvk anna ❤💛❤🇪🇦,tvk anna,Neutral,TVK
A0dYR_yCPmU,TVK I Love you Anna ❤️❤️,tvk i love you anna,Positive,TVK
A0dYR_yCPmU,"சட்ட சபை ல 10 பேர் இவங்க செய்யும் தப்ப தட்டி கேட்டா போதும், அடுத்த election la , aim a achive panniralam but no join other party's",சட்ட சபை ல 10 பேர் இவங்க செய்யும் தப்ப தட்டி கேட்டா போதும் அடுத்த election la  aim a achive panniralam but no join other partys,Negative,
A0dYR_yCPmU,"Tvk❤❤❤❤❤❤❤ 50,12,73M",tvk 501273m,Neutral,TVK
A0dYR_yCPmU,Ethu nadantha thamizhan veezhvan BJP   Tamil Nadu kaipatrum,ethu nadantha thamizhan veezhvan bjp   tamil nadu kaipatrum,Negative,BJP
A0dYR_yCPmU,வாய்ப்பு இல்லை,வாய்ப்பு இல்லை,Neutral,
A0dYR_yCPmU,எல்லாம் சரி சீமான் 1 சீட்டு கூட ஜெயிக்க வாய்ப்பு இல்லை அப்பறம் எப்படி 19 அந்த 19 சீட்டும் TVK கணக்குல எழுதுங்க,எல்லாம் சரி சீமான் 1 சீட்டு கூட ஜெயிக்க வாய்ப்பு இல்லை அப்பறம் எப்படி 19 அந்த 19 சீட்டும் tvk கணக்குல எழுதுங்க,Neutral,TVK
A0dYR_yCPmU,Bro TVK flag is wrong❤️,bro tvk flag is wrong,Negative,TVK
A0dYR_yCPmU,TVK. CM❤❤,tvk cm,Neutral,TVK
A0dYR_yCPmU,Vijay Vijay Vijay Vijay Vijay thalapathy❤❤❤❤❤❤,vijay vijay vijay vijay vijay thalapathy,Neutral,TVK
A0dYR_yCPmU,DMK 💯 WIN,dmk  win,Neutral,DMK
A0dYR_yCPmU,Tvk  Vijay Anna ❤❤❤,tvk  vijay anna,Neutral,TVK
A0dYR_yCPmU,Admk only CM in 2026🎉🎉🎉🎉🎉🖤🤍❤️,admk only cm in 2026,Neutral,DMK
A0dYR_yCPmU,Love  TVK🇪🇦🇪🇦🇪🇦🇪🇦🇪🇦🇪🇦🇪🇦🇪🇦🇪🇦🇪🇦🇪🇦🇪🇦🇪🇦🇪🇦🇪🇦🇪🇦🇪🇦🇪🇦🇪🇦🇪🇦🇪🇦🇪🇦🇪🇦🇪🇦🇪🇦🇪🇦🇪🇦🇪🇦🇪🇦🇪🇦🇪🇦🇪🇦🇪🇦🇪🇦🇪🇦🇪🇦🇪🇦🇪🇦🇪🇦🇪🇦🇪🇦🇪🇦🇪🇦🇪🇦🇪🇦🇪🇦🇪🇦,love  tvk,Positive,TVK
A0dYR_yCPmU,Tvk tvk tvk tvk tvk 🇪🇸🔥🔥🔥🔥🔥🇪🇸🔥🇪🇸🔥🇪🇸🔥🇪🇸🔥,tvk tvk tvk tvk tvk,Neutral,TVK
A0dYR_yCPmU,இது மட்டும் நடந்துடுச்சு எங்க வீட்ல அன்னைக்கு தீபாவளி தான் பட்டாசு வெடிச்சு ஸ்வீட் கொடுத்து பிரியாணி செஞ்சு செம்ம என்ஜாய் பண்ணுவோம்,இது மட்டும் நடந்துடுச்சு எங்க வீட்ல அன்னைக்கு தீபாவளி தான் பட்டாசு வெடிச்சு ஸ்வீட் கொடுத்து பிரியாணி செஞ்சு செம்ம என்ஜாய் பண்ணுவோம்,Neutral,
A0dYR_yCPmU,Tvk 🌹❤️ cm Vijay god pls,tvk  cm vijay god pls,Negative,TVK
A0dYR_yCPmU,Serupala adi erumaya,serupala adi erumaya,Neutral,
A0dYR_yCPmU,"தமிழ் நாட்ல இருக்கும் ஒவொவொரு கட்சிக்கும் ஒரு CM னா எப்படி இருக்கும்,, அப்போ விஜய் நொன்னா CM ஆவாரு 😜😜😜",தமிழ் நாட்ல இருக்கும் ஒவொவொரு கட்சிக்கும் ஒரு cm னா எப்படி இருக்கும் அப்போ விஜய் நொன்னா cm ஆவாரு,Neutral,TVK
A0dYR_yCPmU,Eager to hear election results,eager to hear election results,Neutral,
A0dYR_yCPmU,TVK DAA❤❤❤❤❤❤❤❤❤❤❤❤❤❤❤❤❤😂😂😂😂😂😂❤❤❤❤🎉🎉🎉🎉🎉🎉🎉🎉😢😢😢😢😢😢😮😅😅😮😮😅😅😅😅😅😅😅😅😊😊😊😊😊😊😊😊❤,tvk daa,Neutral,TVK
A0dYR_yCPmU,🎉 ntk seeman 🦁🔥🔥🔥🔥🔥🦁,ntk seeman,Negative,
A0dYR_yCPmU,Dai tamil medeaya  vija kita avalavu kasu vangneagha   vijallam voru allu thu naya,dai tamil medeaya  vija kita avalavu kasu vangneagha   vijallam voru allu thu naya,Negative,
A0dYR_yCPmU,TVK FLAG IS SO WRONG 😢😢😢😢😢,tvk flag is so wrong,Negative,TVK
A0dYR_yCPmU,Vijay anna❤❤❤❤❤❤,vijay anna,Positive,TVK
A0dYR_yCPmU,யப்பா இது நடந்தால்..... சொல்ல வார்த்தையே இல்லை அவ்வளவு சந்தோசமா இருக்கும்.,யப்பா இது நடந்தால் சொல்ல வார்த்தையே இல்லை அவ்வளவு சந்தோசமா இருக்கும்,Negative,
A0dYR_yCPmU,T v k,t v k,Neutral,
A0dYR_yCPmU,Next cm enga vijay anna tha ❤❤❤❤❤❤❤❤❤❤❤❤❤❤❤❤ love you vijay anna ❤❤❤❤❤,next cm enga vijay anna tha  love you vijay anna,Positive,TVK
A0dYR_yCPmU,😭🙏vote for tvk pls frends🙏❤💛❤💛,vote for tvk pls frends,Neutral,TVK
A0dYR_yCPmU,Vijay Aunan CM Tamil super,vijay aunan cm tamil super,Positive,TVK
A0dYR_yCPmU,TVK flag is rong😢😮😮😢😢,tvk flag is rong,Negative,TVK
A0dYR_yCPmU,In your dream,in your dream,Neutral,
A0dYR_yCPmU,This election TvK🎉🎉🎉🎉❤❤❤❤️‍🩹❤️‍🩹❤️‍🩹😘😘😘,this election tvk,Neutral,TVK
A0dYR_yCPmU,TVK  VIJAY SIR I LIKE TO LIKE VIJAY SIR ❤❤❤❤❤❤❤❤❤🎉🎉🎉🎉 🎉🎉🎉🎉🎉🎉🎉🎉🎉😊😊😊😊😊😊😊😊😊😊😊😊😊😊😊😊😊👑👑👑👑👑👑👑👑👑👑👑👑👑👑👑👑👑👑👑👑👑👑👑👑👑👑👑👑👑👑👑👑👑👑👑👑👑👑👑👑👑👑👑👑👑👑👑👑👑👑👑👑👑👑👑❤️💛❤️👑❤️💛❤️👑❤️💛❤️👑❤️💛❤️👑❤️💛❤️👑❤️💛❤️👑❤️💛❤️👑❤️💛❤️👑❤️💛❤️👑❤️💛❤️👑❤️💛❤️👑❤️💛❤️👑❤️💛❤️👑❤️💛❤️👑❤️💛❤️👑❤️💛❤️👑🌷🌷🌷🌷🌷🌷🌷🌷🌷🌷🌷🌷🌷🌷😻😻😻😻😻😻😻😻😻😻😻😻,tvk  vijay sir i like to like vijay sir,Positive,TVK
A0dYR_yCPmU,Please change number 300 for tvk please,please change number 300 for tvk please,Neutral,TVK
A0dYR_yCPmU,My vorte 🎉🎉🎉 for tvk❤❤❤❤❤,my vorte  for tvk,Neutral,TVK
A0dYR_yCPmU,Always TVK,always tvk,Neutral,TVK
A0dYR_yCPmU,Vote for TVk please 🥺🥺🥺,vote for tvk please,Neutral,TVK
A0dYR_yCPmU,I'm from DMK Katchi 🔴⚫ But today I vote for TVK ❤️💛😅😅🤘🤘🔥🔥,im from dmk katchi  but today i vote for tvk,Neutral,"DMK,TVK"
A0dYR_yCPmU,Bro vait pannunga result innum varla😡😡😡😡😡,bro vait pannunga result innum varla,Negative,
A0dYR_yCPmU,Tmk 1000,tmk 1000,Neutral,
A0dYR_yCPmU,Not movie this,not movie this,Negative,
A0dYR_yCPmU,Chuma oduthu number running race sa .Vijay sir well 👍🏻,chuma oduthu number running race sa vijay sir well,Positive,TVK
6K6mv6n92nc,This converted poops are eating rich.. living on Hindu's Soil😅....,this converted poops are eating rich living on hindus soil,Negative,
6K6mv6n92nc,Ippadiye over hipe yethuraanunga paithiya kaaranunga,ippadiye over hipe yethuraanunga paithiya kaaranunga,Negative,
6K6mv6n92nc,"10k bank la vachitu kodaikanal epdi da ponan indha CM,
Adhum 4days family oda
Budget trip pola
Plan ketra vendiyadhu dhan","10k bank la vachitu kodaikanal epdi da ponan indha cm
adhum 4days family oda
budget trip pola
plan ketra vendiyadhu dhan",Negative,
6K6mv6n92nc,திருட்டு கும்பல்....,திருட்டு கும்பல்,Negative,
6K6mv6n92nc,Yepdi thaan thirudi thingura soru jeeranam aagutho?? 😑,yepdi thaan thirudi thingura soru jeeranam aagutho,Negative,
6K6mv6n92nc,ஓசி ஜென்மங்கள் 🤮🤮🤮🤮,ஓசி ஜென்மங்கள்,Neutral,
6K6mv6n92nc,She is gorgeous,she is gorgeous,Positive,
6K6mv6n92nc,The most powerful couple in the entire world and even more powerful than our prime minister ❤,the most powerful couple in the entire world and even more powerful than our prime minister,Positive,
6K6mv6n92nc,"அண்ணாமலை, சகாயம் IAS போன்றவர்கள் தமிழ்நாட்டை ஆளாதவரை ஊழல் ஒழிக்க வாய்ப்பில்லை 🤣",அண்ணாமலை சகாயம் ias போன்றவர்கள் தமிழ்நாட்டை ஆளாதவரை ஊழல் ஒழிக்க வாய்ப்பில்லை,Negative,BJP
6K6mv6n92nc,If one can wear such a costly watch.. just imagine cost of everyday dress slipper etc,if one can wear such a costly watch just imagine cost of everyday dress slipper etc,Negative,
6K6mv6n92nc,தமிழ்நாட்டுல காஸ்டலி வாட்ச் கட்டினவன் எல்லாம் கோடிஸ்வரனாதான் இருக்காங்க. ஆனால் ஆடு மேச்சு கோடிஸ்வரன் ஆன அண்ணாமலை மாதிரி டுபாக்கூர் வேற எவனும் கிடையாது 😂😂😂😂இன்னும் வாட்ச்சுக்கு பில் காட்டுறான் 😂😂😂,தமிழ்நாட்டுல காஸ்டலி வாட்ச் கட்டினவன் எல்லாம் கோடிஸ்வரனாதான் இருக்காங்க ஆனால் ஆடு மேச்சு கோடிஸ்வரன் ஆன அண்ணாமலை மாதிரி டுபாக்கூர் வேற எவனும் கிடையாது இன்னும் வாட்ச்சுக்கு பில் காட்டுறான்,Negative,BJP
6K6mv6n92nc,Stealth Billionaires 😅,stealth billionaires,Neutral,
6K6mv6n92nc,Thief's daughter is also a thief. It is all Tamil Nadu you thief Stalin daughter.,thiefs daughter is also a thief it is all tamil nadu you thief stalin daughter,Negative,DMK
6K6mv6n92nc,She grabs all good schools in the city,she grabs all good schools in the city,Neutral,
6K6mv6n92nc,Corrupt people on earth,corrupt people on earth,Negative,
6K6mv6n92nc,Dai Tamil mutta pun**gala Savukku sollithan da avan watch rate other details ungaluku theriyum ....😂😂 TN Mutta koothigala🤦🏻‍♀️,dai tamil mutta pungala savukku sollithan da avan watch rate other details ungaluku theriyum  tn mutta koothigala,Negative,
6K6mv6n92nc,Mooka la rendu pattasu vainga😅,mooka la rendu pattasu vainga,Negative,
6K6mv6n92nc,Evulovu alangaram andha boothuku,evulovu alangaram andha boothuku,Negative,
6K6mv6n92nc,Dmk nasamabadhu irudhi,dmk nasamabadhu irudhi,Negative,DMK
6K6mv6n92nc,Smile Looks like slightly Kanimozhi Mam :),smile looks like slightly kanimozhi mam,Positive,
6K6mv6n92nc,"Thoo
Thief family","thoo
thief family",Negative,
6K6mv6n92nc,DMK Thiruttu Kumpal,dmk thiruttu kumpal,Negative,DMK
6K6mv6n92nc,Joke is DMK son Deputy CM declared 20cr of asset value only,joke is dmk son deputy cm declared 20cr of asset value only,Negative,DMK
6K6mv6n92nc,Thiruttu Kootam,thiruttu kootam,Neutral,
6K6mv6n92nc,Thuruttu dogs,thuruttu dogs,Negative,
6K6mv6n92nc,I am blessed to be not Rich...,i am blessed to be not rich,Positive,
6K6mv6n92nc,Nice watch bro,nice watch bro,Positive,
6K6mv6n92nc,VIP with 1000000000000000 crores invested in Dubai,vip with 1000000000000000 crores invested in dubai,Neutral,
6K6mv6n92nc,Vijay ku thana vote potingo,vijay ku thana vote potingo,Negative,TVK
6K6mv6n92nc,வருங்கால முதல்வர் சபரிசன் வாழ்க வாழ்க,வருங்கால முதல்வர் சபரிசன் வாழ்க வாழ்க,Positive,
6K6mv6n92nc,Thu tharamketa kudumbam😂,thu tharamketa kudumbam,Negative,
6K6mv6n92nc,Why ed not going behind these guys,why ed not going behind these guys,Negative,
6K6mv6n92nc,1 billionaire in TN,1 billionaire in tn,Neutral,
6K6mv6n92nc,Oh yeah 😂money money,oh yeah money money,Neutral,
6K6mv6n92nc,Enna very good enna super....thuuu,enna very good enna superthuuu,Positive,
6K6mv6n92nc,No-1 fraud of tamilnadu😂😂,no1 fraud of tamilnadu,Negative,
6K6mv6n92nc,"Sabareesan....no.1 money laundering criminal.....he wears watches ranging around 25 crores.. thinks its his money?? The guy was worthless before becoming the son-in-law of Stalin....these people are just swimming in riches from the public money, whereas the public who pays each and every tax are suffering each day to live a normal life......God has left this planet a long time ago....shame..",sabareesanno1 money laundering criminalhe wears watches ranging around 25 crores thinks its his money the guy was worthless before becoming the soninlaw of stalinthese people are just swimming in riches from the public money whereas the public who pays each and every tax are suffering each day to live a normal lifegod has left this planet a long time agoshame,Negative,DMK
6K6mv6n92nc,Vetkam ketta kusumbam ura adichu ulaila potadhunga,vetkam ketta kusumbam ura adichu ulaila potadhunga,Negative,
6K6mv6n92nc,Foolish people who support such corrupt parties,foolish people who support such corrupt parties,Negative,
6K6mv6n92nc,Going to lost.,going to lost,Negative,
6K6mv6n92nc,Thiruttu nayigal,thiruttu nayigal,Negative,
6K6mv6n92nc,Thevidiya pulla evan appan vedu kasu da😤,thevidiya pulla evan appan vedu kasu da,Negative,
6K6mv6n92nc,Dmk corruption commission collection rowdyism organ thieves.....,dmk corruption commission collection rowdyism organ thieves,Negative,DMK
6K6mv6n92nc,Ivanuka matum photo ku pose tharalam ana nampa veliya iruthu photo eaduka sona thituvaga,ivanuka matum photo ku pose tharalam ana nampa veliya iruthu photo eaduka sona thituvaga,Negative,
6K6mv6n92nc,தமிழ்நாட்டை கொள்ளை அடிக்கும் கேடுகெட்ட குடும்பம்,தமிழ்நாட்டை கொள்ளை அடிக்கும் கேடுகெட்ட குடும்பம்,Negative,
6K6mv6n92nc,Christian chutyas 🤬🤬🤬,christian chutyas,Negative,
6K6mv6n92nc,Camera va paakama poidunga sirikathinga veri varudhu apdiyae poidunga,camera va paakama poidunga sirikathinga veri varudhu apdiyae poidunga,Negative,
6K6mv6n92nc,Robbery gang..god must punish this family for crime,robbery ganggod must punish this family for crime,Negative,
6K6mv6n92nc,"Reading the comments confirms that Gossip mongering is the main source of entertainment. What had happened to Veeranam piep line? 2G Spectrum, now inventing another lie, the same old B ical habit.",reading the comments confirms that gossip mongering is the main source of entertainment what had happened to veeranam piep line 2g spectrum now inventing another lie the same old b ical habit,Negative,
6K6mv6n92nc,"Tamilnadu's money dancing on their face. 😜😜😜. 
DMK Kingdom is growing.😜😜😜.
But voted people are still poor.
IDEOLOGY...!!!😜😜😜.","tamilnadus money dancing on their face  
dmk kingdom is growing
but voted people are still poor
ideology",Negative,DMK
6K6mv6n92nc,Garbages dynasty,garbages dynasty,Negative,
6K6mv6n92nc,Bye bye,bye bye,Negative,
6K6mv6n92nc,பத்திரிக்கை நபர்களுக்கு இவர்கள் தியாகிகள்,பத்திரிக்கை நபர்களுக்கு இவர்கள் தியாகிகள்,Negative,
6K6mv6n92nc,Swmaiya iruka aunty otha,swmaiya iruka aunty otha,Negative,
6K6mv6n92nc,மீண்டும் திராவிட மாடல் ஆட்சி 2.o♥️❤️❤️❤️❤️,மீண்டும் திராவிட மாடல் ஆட்சி 2o,Neutral,
6K6mv6n92nc,"Watch worth 1.5 crore, but after market price 5 to 13 crores, the watch alone because it's a limited edition fully automate moon edition Hyz watch. Ulagathulaye 10 dha irukku.... Adhu life fulla battery poda theva illa... Namma kai movementlaye charge aairum.",watch worth 15 crore but after market price 5 to 13 crores the watch alone because its a limited edition fully automate moon edition hyz watch ulagathulaye 10 dha irukku adhu life fulla battery poda theva illa namma kai movementlaye charge aairum,Negative,
6K6mv6n92nc,அப்பளம் போட்டு வித்த குடும்பம்..    ...,அப்பளம் போட்டு வித்த குடும்பம்,Neutral,
6K6mv6n92nc,"All these comments should in the EVM button, but keep voting for same dual cheating parties, because of immediate 5000 rupees, but Seeman screaming for the years, but idiots wants the now rupees not the future plans…ruined system, enjoy the wasted votes again.",all these comments should in the evm button but keep voting for same dual cheating parties because of immediate 5000 rupees but seeman screaming for the years but idiots wants the now rupees not the future plansruined system enjoy the wasted votes again,Negative,
6K6mv6n92nc,TVK should come to power,tvk should come to power,Neutral,TVK
6K6mv6n92nc,Our sister,our sister,Neutral,
6K6mv6n92nc,திருட்டு dmk பூண்ட,திருட்டு dmk பூண்ட,Negative,DMK
6K6mv6n92nc,Sudalai thiruttu kaasula valandha sinna dhadhhi😂,sudalai thiruttu kaasula valandha sinna dhadhhi,Negative,
6K6mv6n92nc,Yaaruda ava super sir sonnathu 😂😂,yaaruda ava super sir sonnathu,Positive,
6K6mv6n92nc,ரஷ்யா வில் உள்ள ரவுடி இந்தியாவில் இருக்கிறான் அவனை குடும்பம் மற்றும் உறவினர்களாக என்னிடம் பிடித்து தா இல்லாவிட்டால் உனக்கு டேஞ்சர் ரஷ்யாவில் உள்ள ரவுடி குடும்பம் மற்றும் உறவினர்களாக இந்தியாவில் டெட் ரஷ்யாவில் உள்ள ரவுடி மு.க.ஸ்டாலினுக்கு பேஸ் மேக்கர் கருவி பொருத்தி இருக்கிறான் ரஷ்யா வில் உள்ள ரவுடியை உன்னால் கண்டு பிடிக்க முடியுமா? is it possible to find particular russian rowdy?,ரஷ்யா வில் உள்ள ரவுடி இந்தியாவில் இருக்கிறான் அவனை குடும்பம் மற்றும் உறவினர்களாக என்னிடம் பிடித்து தா இல்லாவிட்டால் உனக்கு டேஞ்சர் ரஷ்யாவில் உள்ள ரவுடி குடும்பம் மற்றும் உறவினர்களாக இந்தியாவில் டெட் ரஷ்யாவில் உள்ள ரவுடி முகஸ்டாலினுக்கு பேஸ் மேக்கர் கருவி பொருத்தி இருக்கிறான் ரஷ்யா வில் உள்ள ரவுடியை உன்னால் கண்டு பிடிக்க முடியுமா is it possible to find particular russian rowdy,Neutral,
6K6mv6n92nc,BILLIONAIRE without bussiness 😂,billionaire without bussiness,Negative,
6K6mv6n92nc,Useless News,useless news,Negative,
6K6mv6n92nc,Eat 5 star do nothing,eat 5 star do nothing,Negative,
6K6mv6n92nc,Tiruttu okkalaoli,tiruttu okkalaoli,Negative,
6K6mv6n92nc,பரம ஏழைகள்..,பரம ஏழைகள்,Negative,
6K6mv6n92nc,Ooosi sooru,ooosi sooru,Negative,
6K6mv6n92nc,"Joke is that, Sabareesan is a brahmin.
Too much for DMK politics","joke is that sabareesan is a brahmin
too much for dmk politics",Negative,DMK
6K6mv6n92nc,"Intha broker paiyan nala than Tamilnadu la avlo problem content, sketch podurathu elam intha thiruttu koothi panitu irukan. May 4 ku apuram iruku",intha broker paiyan nala than tamilnadu la avlo problem content sketch podurathu elam intha thiruttu koothi panitu irukan may 4 ku apuram iruku,Negative,
6K6mv6n92nc,Plot twist she voted for TVK 😅,plot twist she voted for tvk,Neutral,TVK
6K6mv6n92nc,அந்த கையின் மதிப்பு பத்து சட்டமன்ற தொகுதியின் ஒரு வருடத்துக்கான மொத்த  MLA நிதி தொகைக்கு சமம் .....எப்படி தெரியுமா ??😉😉,அந்த கையின் மதிப்பு பத்து சட்டமன்ற தொகுதியின் ஒரு வருடத்துக்கான மொத்த  mla நிதி தொகைக்கு சமம் எப்படி தெரியுமா,Neutral,
6K6mv6n92nc,Poor family... CM has only 10k as bank balance... Unemployed son in law... 😢😢,poor family cm has only 10k as bank balance unemployed son in law,Negative,
6K6mv6n92nc,Stalin oda kanji...,stalin oda kanji,Negative,DMK
6K6mv6n92nc,TN is not democracy... its a kingdom...why should we care if this person votes ?,tn is not democracy its a kingdomwhy should we care if this person votes,Negative,
6K6mv6n92nc,Press asking to show his luxurious wach 😂😂,press asking to show his luxurious wach,Neutral,
6K6mv6n92nc,Shameless creatures😂,shameless creatures,Negative,
6K6mv6n92nc,Muthugelumbu illatha Tamil makkal,muthugelumbu illatha tamil makkal,Negative,
6K6mv6n92nc,"These people are living in heaven, blessed people.",these people are living in heaven blessed people,Positive,
6K6mv6n92nc,Looks alike kanimozhi,looks alike kanimozhi,Neutral,
6K6mv6n92nc,Ennda sir mor nu sup resale,ennda sir mor nu sup resale,Negative,
6K6mv6n92nc,end for DMK,end for dmk,Negative,DMK
6K6mv6n92nc,G square fraud thiruttu dravidiya golti telugu Ongole koombal,g square fraud thiruttu dravidiya golti telugu ongole koombal,Negative,
6K6mv6n92nc,Thiruttu kudumbam,thiruttu kudumbam,Negative,
6K6mv6n92nc,50000crore owner,50000crore owner,Neutral,
6K6mv6n92nc,Wonderful comnts what else to comnt?,wonderful comnts what else to comnt,Positive,
6K6mv6n92nc,😢 result maruma😮,result maruma,Negative,
6K6mv6n92nc,Thiefs of tamilnadu😂😂,thiefs of tamilnadu,Negative,
6K6mv6n92nc,Watch watch... dmk power superb power... GENz kids... wake up,watch watch dmk power superb power genz kids wake up,Positive,DMK
6K6mv6n92nc,I hope in future he was in Bihar jail,i hope in future he was in bihar jail,Negative,
6K6mv6n92nc,"ஜெயலலிதா அம்மையார் உயிரோடு இருந்திருந்தால், இந்த மக்கள் எங்கே இருந்திருப்பார்கள் என்று தெரியவில்லை.",ஜெயலலிதா அம்மையார் உயிரோடு இருந்திருந்தால் இந்த மக்கள் எங்கே இருந்திருப்பார்கள் என்று தெரியவில்லை,Neutral,
6K6mv6n92nc,Intha paradesi kolla kaasa adichutaan,intha paradesi kolla kaasa adichutaan,Negative,
6K6mv6n92nc,Bye bye stalin,bye bye stalin,Negative,DMK
6K6mv6n92nc,Father in law Stalin have only 10k in bank account... But SIL having watches worth in crores,father in law stalin have only 10k in bank account but sil having watches worth in crores,Negative,DMK
6K6mv6n92nc,ஸ்டாலின் மருமகன் கட்டியிருக்கிற வாட்ச் கிட்டத்தட்ட 1.5 கோடி ரூபாய் 😢😢😢😢😢😢,ஸ்டாலின் மருமகன் கட்டியிருக்கிற வாட்ச் கிட்டத்தட்ட 15 கோடி ரூபாய்,Neutral,DMK
6K6mv6n92nc,Only Happiest family in Tamilnadu using People's money 🤑💰 😞,only happiest family in tamilnadu using peoples money,Positive,
6K6mv6n92nc,ஆமாம். நாட்டுக்கு ரொம்ப முக்கியமான செய்தி பாருங்க இது! போடாங்......,ஆமாம் நாட்டுக்கு ரொம்ப முக்கியமான செய்தி பாருங்க இது போடாங்,Neutral,
6K6mv6n92nc,"வட இந்தியத் திணிப்பை எதிர்ப்பதே அவர்களின் முழு சித்தாந்தமாக இருக்கும்போது, ​​செந்தாமரை ஏன் வட இந்திய உடையை அணிகிறார்? திராவிட model பாசாங்குத்தனம் உங்களுக்குப் புரிகிறதா??!!?",வட இந்தியத் திணிப்பை எதிர்ப்பதே அவர்களின் முழு சித்தாந்தமாக இருக்கும்போது செந்தாமரை ஏன் வட இந்திய உடையை அணிகிறார் திராவிட model பாசாங்குத்தனம் உங்களுக்குப் புரிகிறதா,Negative,
6K6mv6n92nc,Why is Senthamarai wearing North Indian Dress when their entire ideology is to oppose north imposition? do you see the Dravida Model hypocrisy???,why is senthamarai wearing north indian dress when their entire ideology is to oppose north imposition do you see the dravida model hypocrisy,Negative,
6K6mv6n92nc,Future PM 😊,future pm,Neutral,
6K6mv6n92nc,தேவிடியா குடும்பம்.... 10 லட்சம் கோடி சொத்து,தேவிடியா குடும்பம் 10 லட்சம் கோடி சொத்து,Neutral,
6K6mv6n92nc,Unga annan nee anni appan yellam unemployed,unga annan nee anni appan yellam unemployed,Negative,
6K6mv6n92nc,Thirutu family,thirutu family,Neutral,
6K6mv6n92nc,G square fraud,g square fraud,Negative,
6K6mv6n92nc,"Stalin daughter coolip in the mouth
Dmk family all deserve treatment like how nepal,sri lanka people did to their politicians","stalin daughter coolip in the mouth
dmk family all deserve treatment like how nepalsri lanka people did to their politicians",Negative,DMK
6K6mv6n92nc,Evm machine :  😂😂😂😂 Wait n c the results,evm machine    wait n c the results,Neutral,
6K6mv6n92nc,Mooncha paru kurangu mathiri tamilnada muzhuinguna kudumbam,mooncha paru kurangu mathiri tamilnada muzhuinguna kudumbam,Negative,
6K6mv6n92nc,Epdi da neengalam vekame ilame veliya varinga makkal panatha aataya potu ipdi vaalndu,epdi da neengalam vekame ilame veliya varinga makkal panatha aataya potu ipdi vaalndu,Negative,
6K6mv6n92nc,TVK VOTERS 😂😂😂😂😂,tvk voters,Neutral,TVK
6K6mv6n92nc,அந்த வாட்ச் விலை கிட்டத்தட்ட 1 1/2 கோடி மட்டுமே😂😂😂,அந்த வாட்ச் விலை கிட்டத்தட்ட 1 12 கோடி மட்டுமே,Neutral,
6K6mv6n92nc,இவன் ஒருத்தனை கடத்தி விசாரித்தால் மொத்த உண்மைகளும் வெளி வரும்...,இவன் ஒருத்தனை கடத்தி விசாரித்தால் மொத்த உண்மைகளும் வெளி வரும்,Neutral,
6K6mv6n92nc,She voted for TVK 😂,she voted for tvk,Neutral,TVK
6K6mv6n92nc,Unemployed but 30 crores watch 😂😂😂,unemployed but 30 crores watch,Neutral,
6K6mv6n92nc,Avan than our pompalai pooriuki,avan than our pompalai pooriuki,Negative,
6K6mv6n92nc,He said 37trillion deficit but he has more deficit to the USA,he said 37trillion deficit but he has more deficit to the usa,Negative,
6K6mv6n92nc,Ella corrupted ppls,ella corrupted ppls,Negative,
6K6mv6n92nc,"Sendhamarai is my brothers classmate in DAV Gopalapuram chennai. Now, buying all Schools in chennai.",sendhamarai is my brothers classmate in dav gopalapuram chennai now buying all schools in chennai,Neutral,
6K6mv6n92nc,Dynasty politics..,dynasty politics,Neutral,
6K6mv6n92nc,Tamilnadu unemployed but richest person,tamilnadu unemployed but richest person,Negative,
6K6mv6n92nc,The guy wears a HYT Moon Runner Ghost which retails at ₹1.2 Crores approx. What is the source of funds for that? Last time this guy had a proper job was nearly two decades back when he worked as a Software Engineer. His only job now is Stalin’s Mapillai.,the guy wears a hyt moon runner ghost which retails at 12 crores approx what is the source of funds for that last time this guy had a proper job was nearly two decades back when he worked as a software engineer his only job now is stalins mapillai,Neutral,DMK
9jaWJSIP3LM,Congratulations to our Annamalai IPS,congratulations to our annamalai ips,Positive,BJP
9jaWJSIP3LM,Annamalai himself is a garbbage 😂😂 He will be wiped out from tamilnadu after this election,annamalai himself is a garbbage  he will be wiped out from tamilnadu after this election,Negative,BJP
9jaWJSIP3LM,Annamalai is our only hope in  TN.,annamalai is our only hope in  tn,Positive,BJP
9jaWJSIP3LM,Anything and everything literally 🤐,anything and everything literally,Neutral,
9jaWJSIP3LM,Hats off sir shri.annamalai sir is very honest man 🙏🙏🙏♥️♥️♥️,hats off sir shriannamalai sir is very honest man,Positive,BJP
9jaWJSIP3LM,People are used to it. Because 30% moran vote bank entire country is suffering because these ppl,people are used to it because 30 moran vote bank entire country is suffering because these ppl,Negative,
9jaWJSIP3LM,How was life as a policeman doing the will of political masters. It did not hurt your booted foot?,how was life as a policeman doing the will of political masters it did not hurt your booted foot,Negative,
9jaWJSIP3LM,Tamil youth have no brains. Though educated the are crazy for film stars. Vijaya have brainwashed the youth.,tamil youth have no brains though educated the are crazy for film stars vijaya have brainwashed the youth,Negative,TVK
9jaWJSIP3LM,"This anchor is a stooge of BJP, drama",this anchor is a stooge of bjp drama,Negative,BJP
9jaWJSIP3LM,"Both the bastards have only one purpose boot linking Modi.
Third rated scoundrels","both the bastards have only one purpose boot linking modi
third rated scoundrels",Negative,BJP
9jaWJSIP3LM,"This time BJP gonna rock in Bengal and next time it will be TN, I request Hindus of TN to wake up and and should know how thousands of temples were looted and destroyed those cultures by DMK by placing Dravidian DMK people in temple committee who don't have faith in Hinduism. They mock Hinduism but always can be seen with missionaries.",this time bjp gonna rock in bengal and next time it will be tn i request hindus of tn to wake up and and should know how thousands of temples were looted and destroyed those cultures by dmk by placing dravidian dmk people in temple committee who dont have faith in hinduism they mock hinduism but always can be seen with missionaries,Negative,"DMK,BJP"
9jaWJSIP3LM,"To be honest, Annamalai could be describing Bengaluru at the moment.",to be honest annamalai could be describing bengaluru at the moment,Negative,BJP
9jaWJSIP3LM,Annamalai  is the great person,annamalai  is the great person,Positive,BJP
9jaWJSIP3LM,ತಮಿಳುನಾಡು ಜನತೆ ಇಂತಹ ಮಾಣಿಕ್ಯವನ್ನು ಗುರುತಿಸದೇ ಹೋದುದು ವಿಪರ್ಯಾಸ 😮,ತಮಳನಡ ಜನತ ಇತಹ ಮಣಕಯವನನ ಗರತಸದ ಹದದ ವಪರಯಸ,Neutral,
9jaWJSIP3LM,"A police officer,immediately leaving the service, Joins A Nation's Ruling Party,And Exposes himself,he has close proximity with Modiji, So, A well executed political plan,with lots of personal expectations,But what media flashes,on him is very hype!As He used the media for his own popularity!",a police officerimmediately leaving the service joins a nations ruling partyand exposes himselfhe has close proximity with modiji so a well executed political planwith lots of personal expectationsbut what media flasheson him is very hypeas he used the media for his own popularity,Neutral,BJP
9jaWJSIP3LM,Jai ho bjp modi ji sarkar,jai ho bjp modi ji sarkar,Positive,BJP
9jaWJSIP3LM,Modi ji and Malai ji ❤,modi ji and malai ji,Neutral,BJP
9jaWJSIP3LM,Is that in Delhi ?,is that in delhi,Neutral,
9jaWJSIP3LM,Hey annamulai just get off man,hey annamulai just get off man,Negative,
9jaWJSIP3LM,Try to walk barefoot in UP 😂,try to walk barefoot in up,Neutral,
9jaWJSIP3LM,TN should vote for this  great  leader,tn should vote for this  great  leader,Positive,
9jaWJSIP3LM,❤❤❤ VERY NICE EXPLANATION BY IPS ANNAMALAI ❤❤❤,very nice explanation by ips annamalai,Positive,BJP
9jaWJSIP3LM,Clown to clown discussion,clown to clown discussion,Negative,
9jaWJSIP3LM,I'm a South African of Indian descent .I wish Annamalai all the best and I hope that the people of Tamil Nadu  honor him with all their support.,im a south african of indian descent i wish annamalai all the best and i hope that the people of tamil nadu  honor him with all their support,Positive,BJP
9jaWJSIP3LM,"Just spoke with a bunch of TN people in Bangalore who are in lower economic state. They are still in supporting cine people. And Hindus voting for DMK and I heard many telling DMK will hold the power. I literally fainted hearing the talks and how gullible these people are. Their brains doesn't function beyond admiring cinema people 
Nobody can save TN if this is the case","just spoke with a bunch of tn people in bangalore who are in lower economic state they are still in supporting cine people and hindus voting for dmk and i heard many telling dmk will hold the power i literally fainted hearing the talks and how gullible these people are their brains doesnt function beyond admiring cinema people 
nobody can save tn if this is the case",Negative,DMK
9jaWJSIP3LM,But tamil Nadu ppl not want good honest ppl,but tamil nadu ppl not want good honest ppl,Negative,
9jaWJSIP3LM,Dmk da,dmk da,Neutral,DMK
9jaWJSIP3LM,Annamalai sir will win.,annamalai sir will win,Positive,BJP
9jaWJSIP3LM,He is a CM material. Very much clear in his thoughts.,he is a cm material very much clear in his thoughts,Positive,
9jaWJSIP3LM,Anna malai Sir great 💪👍🙏,anna malai sir great,Positive,
9jaWJSIP3LM,Lier. What religion he is following,lier what religion he is following,Negative,
9jaWJSIP3LM,Have u seen bjp  ruled states?,have u seen bjp  ruled states,Neutral,BJP
9jaWJSIP3LM,"Annamalai, the great leader of Tamilnadu ❤",annamalai the great leader of tamilnadu,Positive,BJP
9jaWJSIP3LM,Please shut your mouth Annamalai and mind your business. We all know all you,please shut your mouth annamalai and mind your business we all know all you,Negative,BJP
9jaWJSIP3LM,Right young leader but unfortunately in a wrong party. DMK of ADMK are corrupt but they don't spee hatred like BJP.,right young leader but unfortunately in a wrong party dmk of admk are corrupt but they dont spee hatred like bjp,Negative,"DMK,BJP"
9jaWJSIP3LM,"He is deputy cm
All set","he is deputy cm
all set",Neutral,
9jaWJSIP3LM,"Annamalai,
Who is dragging TN down? The party which brought TN to the topmost position in India? Do you understand what 11.19% GDP growth means? Or have you forgotten that achieving this figure without good governance is impossible? If TN had been ruled by BJP, will you not mention this achievement which resonates in all fields? Now you know why we reject you.","annamalai
who is dragging tn down the party which brought tn to the topmost position in india do you understand what 1119 gdp growth means or have you forgotten that achieving this figure without good governance is impossible if tn had been ruled by bjp will you not mention this achievement which resonates in all fields now you know why we reject you",Negative,BJP
9jaWJSIP3LM,😂😂😂😂😂good joke,good joke,Positive,
9jaWJSIP3LM,"Mr Annamali don’t just say if you have seen in some places 
Everyone who comes has the postive and negative ok
10 year Modi ji check too how he did not help the states !!!!come on bro","mr annamali dont just say if you have seen in some places 
everyone who comes has the postive and negative ok
10 year modi ji check too how he did not help the states come on bro",Negative,BJP
9jaWJSIP3LM,Delhi your government only boss 😂 with that example you want Tamil Nadu huh ?,delhi your government only boss  with that example you want tamil nadu huh,Negative,
9jaWJSIP3LM,"Till you are alive Arnab and Annamalai, two filthy worms. TN will never have BJP.",till you are alive arnab and annamalai two filthy worms tn will never have bjp,Negative,BJP
9jaWJSIP3LM,He's a changing force women's old poor people are looking for change ❤❤❤,hes a changing force womens old poor people are looking for change,Negative,
9jaWJSIP3LM,TN has the highest GSDP. Per capita income is next to Maharashtra,tn has the highest gsdp per capita income is next to maharashtra,Neutral,
9jaWJSIP3LM,We will do anything and everything to win ??? He boldly saying the policy of BJP 😛😄,we will do anything and everything to win  he boldly saying the policy of bjp,Neutral,BJP
9jaWJSIP3LM,Malai Annamalai,malai annamalai,Positive,BJP
9jaWJSIP3LM,"Annamalai has broken the backbone of DMK. Though his electioneering campaign is of short duration, his contribution was phenomenal. Simply gutsy.  2/3rd majority is assured. AIADMK + NDA combine worked very very hard.  Sure to throw away DMK.",annamalai has broken the backbone of dmk though his electioneering campaign is of short duration his contribution was phenomenal simply gutsy  23rd majority is assured aiadmk  nda combine worked very very hard  sure to throw away dmk,Positive,"DMK,AIADMK,BJP"
9jaWJSIP3LM,Great sacrifice for people of Tamil Nadu.,great sacrifice for people of tamil nadu,Positive,
9jaWJSIP3LM,Better you start cleaning the roads first then you will win,better you start cleaning the roads first then you will win,Positive,
9jaWJSIP3LM,Jai sree ram,jai sree ram,Positive,
9jaWJSIP3LM,Annamalai is God chosen Person He must and will win pure state like TamilNadu ❤,annamalai is god chosen person he must and will win pure state like tamilnadu,Positive,BJP
9jaWJSIP3LM,"Annamalai why you left bangalore. 
Tejavi kicked at your back na","annamalai why you left bangalore 
tejavi kicked at your back na",Negative,BJP
9jaWJSIP3LM,"Though the scenario of 2026 state elections in Tamilnadu look volatile at this point of time, looking at Shree Annamalaiji's relentless efforts through the years positivity of the succession of BJP in the overall looks to be quite imminent. Jai Ho Bharat! Jai Ho Modiji! Mera Bharat Mahaan!",though the scenario of 2026 state elections in tamilnadu look volatile at this point of time looking at shree annamalaijis relentless efforts through the years positivity of the succession of bjp in the overall looks to be quite imminent jai ho bharat jai ho modiji mera bharat mahaan,Positive,BJP
9jaWJSIP3LM,How about getting rid of people who drag India down?,how about getting rid of people who drag india down,Negative,
9jaWJSIP3LM,Annamalai is capable of beating DMK in TN. Stalin & his prodigal Son have ruined the Tamil Nadu.,annamalai is capable of beating dmk in tn stalin  his prodigal son have ruined the tamil nadu,Negative,"DMK,BJP"
9jaWJSIP3LM,Tamil Nadu you have a great leader,tamil nadu you have a great leader,Positive,
9jaWJSIP3LM,Jai annamalai,jai annamalai,Positive,BJP
9jaWJSIP3LM,You must open Telugu channel Arnab Goswami garu,you must open telugu channel arnab goswami garu,Positive,
9jaWJSIP3LM,They killed a good budding leader. Listening to it again i feels sad.,they killed a good budding leader listening to it again i feels sad,Negative,
9jaWJSIP3LM,"Yea! Man fight, beat the hell out of them 👊👍",yea man fight beat the hell out of them,Negative,
9jaWJSIP3LM,"Have experienced the real condition & put forth.
Very practical.
Good Annamalai 🎉","have experienced the real condition  put forth
very practical
good annamalai",Positive,BJP
9jaWJSIP3LM,Jai annamale❤,jai annamale,Positive,
9jaWJSIP3LM,Stop doing Iftaar and eating Criss-cross buns and you will be able to do what you want to do!,stop doing iftaar and eating crisscross buns and you will be able to do what you want to do,Neutral,
9jaWJSIP3LM,"Jai annamalai, jai tamil nadu, jai bharat.",jai annamalai jai tamil nadu jai bharat,Positive,BJP
9jaWJSIP3LM,"Also can you advise the people coming to TN and south from bjp bimaru states, to stop spitting.",also can you advise the people coming to tn and south from bjp bimaru states to stop spitting,Negative,BJP
9jaWJSIP3LM,"Mann go to bjp ruled states and, see the, spitting culture.",mann go to bjp ruled states and see the spitting culture,Negative,BJP
9jaWJSIP3LM,North beda pottu thuppi irupan,north beda pottu thuppi irupan,Negative,
9jaWJSIP3LM,DMK thugs of Tamilnadu.,dmk thugs of tamilnadu,Negative,DMK
9jaWJSIP3LM,"Tough time never last but tough people do. When the going gets tough, the tough gets going. Annamalai sir, in the end Dharma and justice will prevail.",tough time never last but tough people do when the going gets tough the tough gets going annamalai sir in the end dharma and justice will prevail,Positive,BJP
9jaWJSIP3LM,"Vijay will take care. Corruption cannot remove another Corruption😊BJP biggest corrupt party in India 😅😅😅 but speak like they are relatives of Buddha, Gandhi, Vivekananda 😅😅😅😅",vijay will take care corruption cannot remove another corruptionbjp biggest corrupt party in india  but speak like they are relatives of buddha gandhi vivekananda,Negative,"BJP,TVK"
9jaWJSIP3LM,Annamalai dynamic statesman knowledgeable patriot solvathai kelunga.jaihindh,annamalai dynamic statesman knowledgeable patriot solvathai kelungajaihindh,Positive,BJP
9jaWJSIP3LM,Tamilnadu needs change now,tamilnadu needs change now,Negative,
9jaWJSIP3LM,अन्नामलाई अगले पीएम होंगे❤,अननमलई अगल पएम हग,Neutral,
9jaWJSIP3LM,So nice to see u on arnabs podcast Annamalai..it's a tuff call a d very tuff job for u Annamalai..but your hard work will not ho wasted..we all pray for u..kp going forwards😊,so nice to see u on arnabs podcast annamalaiits a tuff call a d very tuff job for u annamalaibut your hard work will not ho wastedwe all pray for ukp going forwards,Positive,BJP
9jaWJSIP3LM,Annamalai is well educated   politician ❤,annamalai is well educated   politician,Positive,BJP
9jaWJSIP3LM,"If he thinks Tamilnadu is going down, can he substantiate his statement with numbers?",if he thinks tamilnadu is going down can he substantiate his statement with numbers,Negative,
9jaWJSIP3LM,Sir the lord almighty 🙏 🙌 you Annamali absolutely true,sir the lord almighty   you annamali absolutely true,Positive,
9jaWJSIP3LM,Who are all here post election 😂😂😂😂,who are all here post election,Negative,
9jaWJSIP3LM,We need you Annamalai Sir ❤️,we need you annamalai sir,Positive,BJP
9jaWJSIP3LM,Annamalai - right person in wrong party -- he was really idealistic when he started - now becoming more and more like the party he belongs to. What has delhi got anything to do with Tamilnadu,annamalai  right person in wrong party  he was really idealistic when he started  now becoming more and more like the party he belongs to what has delhi got anything to do with tamilnadu,Negative,BJP
9jaWJSIP3LM,"Compare with North indian states.  As long as evm is there, you can win.  Moreover, the bjp washing machine with two type of detergent, one is ED, and the second is income tax.",compare with north indian states  as long as evm is there you can win  moreover the bjp washing machine with two type of detergent one is ed and the second is income tax,Neutral,BJP
9jaWJSIP3LM,So true ! Tamil Nadu is one of the dirtiest and the most backward states in the south.,so true  tamil nadu is one of the dirtiest and the most backward states in the south,Negative,
9jaWJSIP3LM,"ARNAB, I REMEMBER YOU HAVE SPOKEN TO SAI,  ANNA MALAI AND HAD DECLARED THEIR HEIRARCY 
HE'LL WIN, 
GOD'S SPEED BE WITH HIM","arnab i remember you have spoken to sai  anna malai and had declared their heirarcy 
hell win 
gods speed be with him",Positive,
9jaWJSIP3LM,"ARNAB, I REMEMBER YOU HAVE SPOKEN TO SAI,  ANNA MALAI AND HAD DECLARED THEIR HEIRARCY 
HE'LL WIN, 
GOD'S SPEED BE WITH HIM","arnab i remember you have spoken to sai  anna malai and had declared their heirarcy 
hell win 
gods speed be with him",Positive,
9jaWJSIP3LM,"ARNAB, I REMEMBER YOU HAVE SPOKEN TO SAI,  ANNA MALAI AND HAD DECLARED THEIR HEIRARCY 
HE'LL WIN, 
GOD'S SPEED BE WITH HIM","arnab i remember you have spoken to sai  anna malai and had declared their heirarcy 
hell win 
gods speed be with him",Positive,
9jaWJSIP3LM,"The bjp s puppet on a string,the joker,go develop the northern states.Tamil Nadu is a beautiful state with an infrastructure that stands out,without the DMK in power,Tamil Nadu will become like the slums in delhi.",the bjp s puppet on a stringthe jokergo develop the northern statestamil nadu is a beautiful state with an infrastructure that stands outwithout the dmk in powertamil nadu will become like the slums in delhi,Positive,"DMK,BJP"
9jaWJSIP3LM,You will surely win in 2031 sir.,you will surely win in 2031 sir,Positive,
9jaWJSIP3LM,Annamalai is s joker of tamiladu..we tamil people never listen his speech always hatred and lies,annamalai is s joker of tamiladuwe tamil people never listen his speech always hatred and lies,Negative,BJP
9jaWJSIP3LM,"JAI HIND, BHARAT MATA KI JAI",jai hind bharat mata ki jai,Positive,
9jaWJSIP3LM,We will do anything and everything including racist and religious attacks and hate speech 😂😂😂,we will do anything and everything including racist and religious attacks and hate speech,Negative,
9jaWJSIP3LM,Pray for you Annamalai,pray for you annamalai,Positive,BJP
9jaWJSIP3LM,Arnab respect India's diversity why do you want a UP  Bihar party to win in TN don't you find it ridiculous.  BJP will never ever win in South India except in innocent KA,arnab respect indias diversity why do you want a up  bihar party to win in tn dont you find it ridiculous  bjp will never ever win in south india except in innocent ka,Negative,BJP
9jaWJSIP3LM,Why didn't he join NTK,why didnt he join ntk,Negative,
9jaWJSIP3LM,Dei annamalai - look at how developed the state where the bjp ruled.,dei annamalai  look at how developed the state where the bjp ruled,Positive,BJP
9jaWJSIP3LM,"Why is he calling Arnab Sir, is it slave to North attitude",why is he calling arnab sir is it slave to north attitude,Negative,
9jaWJSIP3LM,"Where were you mr. Annamalai when karunanidhi and jayalaitha was there.

Tamilnadu is one of the cleanest.

Moreover this arnab he is simply a chameleon and republic india is 😅😅😅 cartoon channel","where were you mr annamalai when karunanidhi and jayalaitha was there

tamilnadu is one of the cleanest

moreover this arnab he is simply a chameleon and republic india is  cartoon channel",Negative,BJP
9jaWJSIP3LM,You will only win if you make a Christian the deputy CM 😜,you will only win if you make a christian the deputy cm,Neutral,
9jaWJSIP3LM,Anna ji ki namaste namaste,anna ji ki namaste namaste,Positive,
9jaWJSIP3LM,NARAYANA Aayushmatibhava shemaprapthirasthu vijayeebhava 😇🙏🤗,narayana aayushmatibhava shemaprapthirasthu vijayeebhava,Positive,TVK
9jaWJSIP3LM,Our hope from tn,our hope from tn,Positive,
9jaWJSIP3LM,He couldn’t win a single election in his life….what is he worth speaking off????,he couldnt win a single election in his lifewhat is he worth speaking off,Negative,
9jaWJSIP3LM,Is he taking about TN or Delhi? I thought I heard Delhi in between.,is he taking about tn or delhi i thought i heard delhi in between,Neutral,
9jaWJSIP3LM,🎉🎉🎉Our leader🎉🎉🎉,our leader,Positive,
9jaWJSIP3LM,"Lol they have to go funny!

Now ur not even contesting in 2026😂","lol they have to go funny

now ur not even contesting in 2026",Negative,
9jaWJSIP3LM,Jai Annamalai,jai annamalai,Positive,BJP
9jaWJSIP3LM,"Big supporter of Annamalai, but they way ADMK and BJP campaigning, looks like it will take 5 more years for you to wear slipper and shoe",big supporter of annamalai but they way admk and bjp campaigning looks like it will take 5 more years for you to wear slipper and shoe,Negative,"DMK,BJP"
9jaWJSIP3LM,Tharkuri annamalai 😂,tharkuri annamalai,Negative,BJP
9jaWJSIP3LM,Annamalai god be with you,annamalai god be with you,Positive,BJP
9jaWJSIP3LM,Both have no clue about Tamilnadu population,both have no clue about tamilnadu population,Negative,
9jaWJSIP3LM,They are dragging Tamilnadu down Annamalai should check the states ruled by BJP first 😂😂😂😂,they are dragging tamilnadu down annamalai should check the states ruled by bjp first,Negative,BJP
9jaWJSIP3LM,Aaruthra scammer fraud Malai 😂😂,aaruthra scammer fraud malai,Negative,
9jaWJSIP3LM,"Tamil nadu is visibly in top in every aspects, just have a look at recent niti ayog reports..this guys is just a liar",tamil nadu is visibly in top in every aspects just have a look at recent niti ayog reportsthis guys is just a liar,Negative,
9jaWJSIP3LM,"Annamalai is useless tbh, he's lost both the elections when he contested. Refused to contest this time, just dialogs and no performance",annamalai is useless tbh hes lost both the elections when he contested refused to contest this time just dialogs and no performance,Negative,BJP
9jaWJSIP3LM,Dmk stalin go away.,dmk stalin go away,Negative,DMK
9jaWJSIP3LM,கூதில ஜெயிப்பே,கூதில ஜெயிப்பே,Neutral,
9jaWJSIP3LM,So BJP run states are clean ?,so bjp run states are clean,Neutral,BJP
9jaWJSIP3LM,"Hi Annamalai 
You should first go to other states schools , toilets and roads then you come and talk","hi annamalai 
you should first go to other states schools  toilets and roads then you come and talk",Neutral,BJP
9jaWJSIP3LM,Always dmk win,always dmk win,Positive,DMK
9jaWJSIP3LM,This fellow is the biggest baffoon in tamilnadu 😂😂😂,this fellow is the biggest baffoon in tamilnadu,Negative,
9jaWJSIP3LM,Deffffffinetly there will b a changr❤❤❤❤❤,deffffffinetly there will b a changr,Neutral,
9jaWJSIP3LM,May Lord Muruga guide and bless Anamalai and NDA alliance in defeating DMK ❤,may lord muruga guide and bless anamalai and nda alliance in defeating dmk,Positive,DMK
9jaWJSIP3LM,Wait. Arnab also will join you when you start cleaning TN roads soon 😂😂😂😂,wait arnab also will join you when you start cleaning tn roads soon,Neutral,
9jaWJSIP3LM,I think he is referring Bihar and Up😂,i think he is referring bihar and up,Neutral,
9jaWJSIP3LM,DMK already won easily 😂,dmk already won easily,Positive,DMK
9jaWJSIP3LM,Annamalai in particular is an asset to TN,annamalai in particular is an asset to tn,Positive,BJP
9jaWJSIP3LM,Great job by Annamalai Sir💐🪷👏👍,great job by annamalai sir,Positive,BJP
9jaWJSIP3LM,I hope he wins❤🎉,i hope he wins,Positive,
9jaWJSIP3LM,"You fool, they have brought TN to no.1 in gdp. Roads are not clean? Go see north you fit for nothing fellow.",you fool they have brought tn to no1 in gdp roads are not clean go see north you fit for nothing fellow,Negative,
9jaWJSIP3LM,Sir 💯 percent truth and correct,sir  percent truth and correct,Neutral,
9jaWJSIP3LM,"Annamalai,hygiene is a very serious problem in India,not in TN only.India needs a reset",annamalaihygiene is a very serious problem in indianot in tn onlyindia needs a reset,Negative,BJP
9jaWJSIP3LM,Hahahaaaa !!!! Joker at large,hahahaaaa  joker at large,Positive,
9jaWJSIP3LM,TN people do not recognize good leader they want alcohol not development,tn people do not recognize good leader they want alcohol not development,Negative,
9jaWJSIP3LM,👏👏👏👏👌👌God bless u,god bless u,Positive,
9jaWJSIP3LM,Conversation between a Crony and a Comedian.,conversation between a crony and a comedian,Neutral,
9jaWJSIP3LM,There's no public toilet in north india 😂,theres no public toilet in north india,Negative,
9jaWJSIP3LM,DMK is a curse to the Nation!,dmk is a curse to the nation,Negative,DMK
9jaWJSIP3LM,"He's inspiring people don't u know,we can change mindset of people, he's doing a miracle for people 🙏🙏🙏",hes inspiring people dont u knowwe can change mindset of people hes doing a miracle for people,Positive,
9jaWJSIP3LM,Can you predict it,can you predict it,Neutral,
9jaWJSIP3LM,"We will do anything and everything to win the upcoming election. The biggest electoral fraud is being prepared to strip citizens of their democratic rights.  

Annamalai, remember this. The people of Tamil Nadu are watching you and your alliances led by the BJP as you all resort to dirty tricks just like in other states done by your NDA.","we will do anything and everything to win the upcoming election the biggest electoral fraud is being prepared to strip citizens of their democratic rights  

annamalai remember this the people of tamil nadu are watching you and your alliances led by the bjp as you all resort to dirty tricks just like in other states done by your nda",Negative,BJP
9jaWJSIP3LM,Jai Gurudev pl take Gurudev's 🙌  U will WIN and we want that Annamalai Sir,jai gurudev pl take gurudevs   u will win and we want that annamalai sir,Positive,BJP
9jaWJSIP3LM,Banana Superpower 😂,banana superpower,Positive,
9jaWJSIP3LM,😂😂😂 he is comparing with delhi thats bit too much,he is comparing with delhi thats bit too much,Negative,
9jaWJSIP3LM,"Islamic National Congress is the mother of destroyer of original Constitution framed under Bharat Ratna Dr Ambedkar's Chairmanship. He was insulted, humiliated and made to resign from Govt/Congress. Dr Ambedkar himself has said that ""The day the Congress dies, true Democracy will begin in India"" 
The Irony is Congress's Mohammed Ghazani😡is  trying again and again for making Bharat weakest by colluding with Terroristan, China & Deepstate in USA.","islamic national congress is the mother of destroyer of original constitution framed under bharat ratna dr ambedkars chairmanship he was insulted humiliated and made to resign from govtcongress dr ambedkar himself has said that the day the congress dies true democracy will begin in india 
the irony is congresss mohammed ghazaniis  trying again and again for making bharat weakest by colluding with terroristan china  deepstate in usa",Negative,AIADMK
9jaWJSIP3LM,"Lol please don’t make Tamil Nadu a third world like the north

Also This journalist, keeps barking and licks B*P a$$","lol please dont make tamil nadu a third world like the north

also this journalist keeps barking and licks bp a",Negative,AIADMK
9jaWJSIP3LM,BJP never win in TN…,bjp never win in tn,Negative,BJP
9jaWJSIP3LM,No congress 😂😂😂😂,no congress,Neutral,
9jaWJSIP3LM,He can't win,he cant win,Negative,
9jaWJSIP3LM,1 seat tisukura mundu neeke seat evvaledukadara,1 seat tisukura mundu neeke seat evvaledukadara,Negative,
9jaWJSIP3LM,போடா punda,போடா punda,Negative,
9jaWJSIP3LM,"मादरचोद अर्नब, तेरी गांड लाल कर देंगे थप्पड़ मार मार के; बीजेपी बाहर होने दे। तू देश छोड़ के भागने की कोशिश करेगा",मदरचद अरनब तर गड लल कर दग थपपड मर मर क बजप बहर हन द त दश छड क भगन क कशश करग,Negative,
9jaWJSIP3LM,I don't know who is going to win tamilnadu election but vijay Thalapathi definitely backed by BJP,i dont know who is going to win tamilnadu election but vijay thalapathi definitely backed by bjp,Neutral,"BJP,TVK"
9jaWJSIP3LM,Both journalist and participant are no use of India,both journalist and participant are no use of india,Negative,
9jaWJSIP3LM,Tamilnadu will kick out gujrati goons and their slave goons from tamilnadu in 2026.,tamilnadu will kick out gujrati goons and their slave goons from tamilnadu in 2026,Negative,
9jaWJSIP3LM,"We will do anything 😃😃😃and everything 😂😂😂, not for allotment of funds to education, allotment of funds to AIIMS, and metro 😂😂😂😂",we will do anything and everything  not for allotment of funds to education allotment of funds to aiims and metro,Neutral,
9jaWJSIP3LM,"I can not beat them but they should go.
Hahahaha😅😅😅😅😅😅😅😅","i can not beat them but they should go
hahahaha",Positive,
9jaWJSIP3LM,Annamalai and the bjp has no chance in Tamil Nadu. But as he says they will do anything and everything to win including rigging the election.,annamalai and the bjp has no chance in tamil nadu but as he says they will do anything and everything to win including rigging the election,Negative,BJP
9jaWJSIP3LM,Shameless fraud guy saying nonsense and he failed to serve the people as IPS.,shameless fraud guy saying nonsense and he failed to serve the people as ips,Negative,
9jaWJSIP3LM,"Both are not having in-depth knowledge about Tamil Nadu social setup and people sentiments. 
Westage if time","both are not having indepth knowledge about tamil nadu social setup and people sentiments 
westage if time",Negative,
9jaWJSIP3LM,You are the hope never give up come whatmay,you are the hope never give up come whatmay,Positive,
9jaWJSIP3LM,BRILLIANT EXPLANATION,brilliant explanation,Positive,
9jaWJSIP3LM,Two jokers of bjp 😅,two jokers of bjp,Negative,BJP
9jaWJSIP3LM,Tamilnadu has the fastest growing economy 😅 ye joker tamilnadu ko bihar bnana chwhta hai😅,tamilnadu has the fastest growing economy  ye joker tamilnadu ko bihar bnana chwhta hai,Positive,
9jaWJSIP3LM,"Arnab please shutup, public is well informed without you or your channel, you are highly biased, they will not win, even with your channel support they will lose",arnab please shutup public is well informed without you or your channel you are highly biased they will not win even with your channel support they will lose,Negative,
9jaWJSIP3LM,Next CM Tamil Nadu,next cm tamil nadu,Neutral,
9jaWJSIP3LM,"IF BJP WINS TAMIL NADU ELECTION, TAMIL NADU WILL BE RUINED. ANNAMALAI IS THE LAPDOG OF ARYAN NORTH INDIANS.",if bjp wins tamil nadu election tamil nadu will be ruined annamalai is the lapdog of aryan north indians,Negative,BJP
9jaWJSIP3LM,BJP Modi Loosu dog barking 💩💩💩🤮🤮,bjp modi loosu dog barking,Negative,BJP
9jaWJSIP3LM,Annamalai trying to make Tamizhnadu like UP and Bihar,annamalai trying to make tamizhnadu like up and bihar,Negative,BJP
9jaWJSIP3LM,"How they dragging sir , if bjp come like bihar and up tamilnadu come down, how annamalai become ips because Tamilnadu education",how they dragging sir  if bjp come like bihar and up tamilnadu come down how annamalai become ips because tamilnadu education,Negative,BJP
9jaWJSIP3LM,He will be the future prime minister of India ❤,he will be the future prime minister of india,Neutral,
9jaWJSIP3LM,Clear the national waste Bjp first,clear the national waste bjp first,Negative,BJP
9jaWJSIP3LM,In your dream annamalai ji,in your dream annamalai ji,Positive,BJP
9jaWJSIP3LM,What an idiot!!! Complain Complain Complain. Even your Modi does that same thing.,what an idiot complain complain complain even your modi does that same thing,Negative,BJP
9jaWJSIP3LM,"Swatch Tamil Nadu!
Clean Tamil Nadu, Remove DMK Garbages from Tamil Nadu!","swatch tamil nadu
clean tamil nadu remove dmk garbages from tamil nadu",Negative,DMK
9jaWJSIP3LM,Annamalai is thd right man for Tamil Nadu.,annamalai is thd right man for tamil nadu,Positive,BJP
9jaWJSIP3LM,NDA will form a government,nda will form a government,Neutral,
9jaWJSIP3LM,Annamalai ji beat dmk,annamalai ji beat dmk,Negative,"DMK,BJP"
9jaWJSIP3LM,How about your central government performance on the same parameters that u see TN has failed annamalai,how about your central government performance on the same parameters that u see tn has failed annamalai,Negative,BJP
9jaWJSIP3LM,Attukutti is irrelevant in tamil nadu. This stupid fellow has been sent back. He is no longer the TN BJP leader. Says a lot about his idiotic brains.,attukutti is irrelevant in tamil nadu this stupid fellow has been sent back he is no longer the tn bjp leader says a lot about his idiotic brains,Negative,BJP
9jaWJSIP3LM,Arnab is so heartbroken that DMK is invincible and his master Modi may not win tamil nadu.,arnab is so heartbroken that dmk is invincible and his master modi may not win tamil nadu,Negative,"DMK,BJP"
9jaWJSIP3LM,Not happening anytime soon but I support the guy’s efforts,not happening anytime soon but i support the guys efforts,Positive,
9jaWJSIP3LM,Annamalai: we will win but look how filthy is New Delhi I can't even walk bare feet on the road for my prayers.,annamalai we will win but look how filthy is new delhi i cant even walk bare feet on the road for my prayers,Negative,BJP
9jaWJSIP3LM,Economically tamil nadu is the fast growing state in the country under Dmk so In2026 dmk will get in power with150+ seats,economically tamil nadu is the fast growing state in the country under dmk so in2026 dmk will get in power with150 seats,Positive,DMK
9jaWJSIP3LM,Dragging TN down? Are you daft 😂,dragging tn down are you daft,Negative,
9jaWJSIP3LM,Economically dragging down? 😂😂😂 Arnab got his paycheck 😂,economically dragging down  arnab got his paycheck,Negative,
9jaWJSIP3LM,They dragging down you will upbring the status like UP Bihar and MP. Stop this drama man,they dragging down you will upbring the status like up bihar and mp stop this drama man,Negative,
9jaWJSIP3LM,We will anything and everything? That's the problem.,we will anything and everything thats the problem,Negative,
9jaWJSIP3LM,Annamalai is deposit looser. He is no more with BjP😂❤,annamalai is deposit looser he is no more with bjp,Negative,BJP
9jaWJSIP3LM,Full of lie,full of lie,Negative,
9jaWJSIP3LM,More hardworking required😊,more hardworking required,Neutral,
9jaWJSIP3LM,You won't win ever never,you wont win ever never,Negative,
9jaWJSIP3LM,Righteous man Annamalai will win no doubt. Just a matter of time,righteous man annamalai will win no doubt just a matter of time,Positive,BJP
9jaWJSIP3LM,more power to you,more power to you,Positive,
9jaWJSIP3LM,You won't win Annamalai.,you wont win annamalai,Negative,BJP
9jaWJSIP3LM,Anamalai joker 🃏,anamalai joker,Negative,
9jaWJSIP3LM,When 2 jokers communicate😂,when 2 jokers communicate,Neutral,
9jaWJSIP3LM,He walked in Uttar Pradesh,he walked in uttar pradesh,Neutral,
9jaWJSIP3LM,No chance dmk will win for sure 😂,no chance dmk will win for sure,Negative,DMK
9jaWJSIP3LM,If given a free hand Annamalai can do the trick.,if given a free hand annamalai can do the trick,Positive,BJP
9jaWJSIP3LM,Annamalai sir u will win no matter how much the dogs bark at you 🇮🇳🇮🇳🇮🇳🇮🇳,annamalai sir u will win no matter how much the dogs bark at you,Positive,BJP
9jaWJSIP3LM,Yes if the BJP won the people can forget education system same like up and Bihar States,yes if the bjp won the people can forget education system same like up and bihar states,Negative,BJP
9jaWJSIP3LM,40 outoff 40...,40 outoff 40,Neutral,
9jaWJSIP3LM,"bro
dai nee dmk bjp congress u will never enter tamil nadhu","bro
dai nee dmk bjp congress u will never enter tamil nadhu",Negative,"DMK,BJP"
9jaWJSIP3LM,Respected arnab sir I am aged58waching politics today DMK is spoiled Tami nadau sir as a comman man I want to tell this corrupt DMK should be throw,respected arnab sir i am aged58waching politics today dmk is spoiled tami nadau sir as a comman man i want to tell this corrupt dmk should be throw,Negative,DMK
9jaWJSIP3LM,"Annamalai for godi media:👸🏾👸🏾

Annamalai for tamil nadu: 🤡🤡","annamalai for godi media

annamalai for tamil nadu",Neutral,BJP
9jaWJSIP3LM,Delhi is a crime capital get rid of that first.,delhi is a crime capital get rid of that first,Negative,
9jaWJSIP3LM,He was unable to win TN being a challenging person.Now he is not at all leader.,he was unable to win tn being a challenging personnow he is not at all leader,Negative,
9jaWJSIP3LM,"ANNAMALAI IS GREATER THAN MODI IN ALL ASPECTS.  NO DOUBT. MODI IS NOW SCARED OF HIM. BUT YOGI IS ABOVE ALL AS HE IS HEAD OF GURU GORAKHNATH PEETH UNDER WHICH INDIA'S ALL NATH PEETHS , GURUS N AKHARAS ARE.",annamalai is greater than modi in all aspects  no doubt modi is now scared of him but yogi is above all as he is head of guru gorakhnath peeth under which indias all nath peeths  gurus n akharas are,Negative,BJP
9jaWJSIP3LM,Tvk 🎉 cm vijay❤,tvk  cm vijay,Neutral,TVK
9jaWJSIP3LM,Tamilnadu has flourished better than BJP led states for 50 years. What is he blabbering about?,tamilnadu has flourished better than bjp led states for 50 years what is he blabbering about,Negative,BJP
9jaWJSIP3LM,BJP 2026,bjp 2026,Neutral,BJP
9jaWJSIP3LM,😅😅😅 annamalai mr joker 😅😅😅,annamalai mr joker,Neutral,BJP
9jaWJSIP3LM,Where is now Mr.Annamalai ?,where is now mrannamalai,Neutral,BJP
9jaWJSIP3LM,Two jokers in serious comedy discussion 😂😂,two jokers in serious comedy discussion,Negative,
9jaWJSIP3LM,Two good comedians of Indian Union,two good comedians of indian union,Positive,
9jaWJSIP3LM,Annamalai ips ❤❤❤,annamalai ips,Neutral,BJP
9jaWJSIP3LM,Comedy piece Annamalai,comedy piece annamalai,Positive,BJP
9jaWJSIP3LM,"Nax-ali wants to Divide us for language Which is our skill not our only identity. We are Hindu and.we call #getoutnaxali 
Hindutva hi Mudda 
Hindutva hi Ekta 
Hindutva hi Shakti 
Hindutva hi Satta 
Vande Maataram Vande Hindutva ❤","naxali wants to divide us for language which is our skill not our only identity we are hindu andwe call getoutnaxali 
hindutva hi mudda 
hindutva hi ekta 
hindutva hi shakti 
hindutva hi satta 
vande maataram vande hindutva",Negative,
9jaWJSIP3LM,How they tn pulling down ?,how they tn pulling down,Neutral,
9jaWJSIP3LM,TVK Vijay❤❤❤❤,tvk vijay,Neutral,TVK
9jaWJSIP3LM,This BJP Agent Annamalai is a useless fellow at TN,this bjp agent annamalai is a useless fellow at tn,Negative,BJP
9jaWJSIP3LM,Your resolve will make you stronger and  make ppl support you for ur righteous fight for TN ppl,your resolve will make you stronger and  make ppl support you for ur righteous fight for tn ppl,Positive,
9jaWJSIP3LM,"Cannot defeat dmk.
People are dmk's slaves.

TN  youngsters addicted to alcohol &   drugs .
Slaves to briyani 
Begging for 500-1000 rupees 
TN Hindus are cowards 
TN People lifelong slaves to dmk robbers","cannot defeat dmk
people are dmks slaves

tn  youngsters addicted to alcohol    drugs 
slaves to briyani 
begging for 5001000 rupees 
tn hindus are cowards 
tn people lifelong slaves to dmk robbers",Negative,DMK
9jaWJSIP3LM,Annamali C M TAMILNADU IN 2026,annamali c m tamilnadu in 2026,Neutral,
